"match_id","home_ft_score","away_ft_score","home_corners","away_corners"
12409670,0,2,4,5
12409748,1,2,2,3
12409691,1,0,5,3
12409683,4,3,7,3
12409668,1,1,1,4
12409678,3,1,3,6
12409648,1,1,7,4
12409628,2,2,2,3
12409711,2,0,7,7
12409624,1,0,4,4
12409653,1,1,1,3
12409669,0,1,11,0
12409647,1,3,5,5
12409741,0,1,5,6
12409664,2,2,3,1
12409655,0,2,8,5
12409672,2,0,2,8
12409643,2,2,4,4
12409662,0,0,1,15
12409718,0,2,4,8
12409738,0,2,7,4
12412044,1,0,5,2
12412117,2,3,9,5
12412644,0,0,3,5
12435905,1,2,3,7
12412129,0,0,7,3
12412069,1,2,4,8
12412141,3,2,4,6
12412045,1,0,7,3
12412121,4,2,2,8
12412088,2,2,8,2
12412226,4,0,3,3
12412241,4,3,10,2
12412197,1,1,6,7
12412181,3,2,3,6
12412201,0,1,5,3
12412207,2,1,5,10
12412199,0,1,8,8
12412166,3,0,2,6
12412170,1,0,9,2
12435902,3,2,3,8
12450546,4,0,11,1
12450558,2,2,7,3
12450559,3,1,7,4
12450561,2,0,5,5
12450560,0,0,5,4
12450568,4,2,6,9
12450567,1,2,1,7
12450562,1,1,5,5
12450565,1,1,8,4
12450564,0,1,11,1
12450563,3,3,5,4
12450569,1,1,8,2
12450566,5,3,6,4
13819237,0,3,2,5
13819243,1,2,10,4
13819246,3,0,5,4
12425270,1,2,8,2
12425248,1,1,2,5
12425295,1,0,5,3
12425185,1,0,4,6
12425216,1,3,6,5
12425278,0,1,4,6
12425186,2,1,6,5
12425214,2,1,5,2
12425204,1,2,0,9
12425201,0,2,4,5
12425272,1,1,7,3
12425195,2,1,2,6
12425253,1,3,2,9
12425288,2,0,1,5
12425219,1,4,5,4
12425225,1,1,2,1
12425206,2,0,3,6
12425260,2,0,3,5
12623795,0,2,2,3
12623912,2,2,5,1
12623804,0,0,5,6
12623808,1,1,10,3
12623929,1,2,5,4
12623724,0,1,2,7
12623738,1,2,8,7
12623691,1,0,4,3
12623883,0,1,5,2
12623926,0,4,3,7
12624162,0,1,5,5
12623689,1,0,7,4
12623844,1,1,5,1
12623812,3,1,5,1
12623771,2,1,4,0
12623881,1,1,3,6
12623748,1,1,3,3
12624203,3,1,3,4
12623711,2,2,8,0
12623978,0,2,9,3
12623814,1,2,7,0
12623636,3,3,2,7
12623490,4,0,4,3
12623255,0,0,6,4
12623246,2,2,4,1
12623523,1,3,12,0
12623586,1,1,8,1
12623529,4,4,4,6
12623504,2,2,5,5
12623539,0,1,4,4
12623183,2,4,12,0
12623512,4,0,11,2
12623540,2,0,4,9
12623546,2,2,3,1
12623277,0,0,11,4
12623579,2,2,5,6
12623410,0,3,1,2
12623494,1,4,6,6
12623525,1,2,2,5
13573563,1,2,6,10
13578837,2,1,10,6
13578909,0,1,7,11
13578853,4,2,3,7
13578847,0,0,5,13
13573568,1,0,4,4
13578824,2,1,6,5
13578814,1,0,3,6
13578925,1,0,3,3
13578896,1,0,3,3
13578813,0,1,3,4
13578810,1,0,8,2
13578812,4,0,2,7
13578818,1,0,10,1
13578902,2,1,4,5
13578852,3,2,10,0
13573565,1,1,6,4
13578822,2,1,6,3
13578842,5,0,5,4
13578899,0,4,7,4
12623801,2,1,NA,NA
12409676,1,1,5,10
12409729,5,1,8,2
12435898,1,0,8,6
12425273,0,0,3,5
12425237,0,0,5,5
12425189,0,4,8,1
12425174,0,2,7,2
12425255,4,1,4,3
12623744,1,1,12,3
12623867,1,0,6,3
12623848,2,1,1,6
12623821,0,1,4,3
12623845,2,0,0,5
12623905,2,0,2,5
12623954,0,2,7,2
12623196,0,0,1,3
12623199,1,1,10,4
13578874,4,0,10,3
13578969,2,0,6,3
13578841,0,1,6,4
13578973,1,0,4,8
13578937,1,1,6,2
12409737,3,2,8,1
12409677,1,0,10,2
12409681,3,0,11,2
12409764,1,2,0,13
12409641,3,0,4,2
12450543,2,1,4,6
12450550,0,0,9,5
12450545,0,1,5,3
12450549,1,0,18,2
12450555,0,0,10,3
12450551,1,0,4,7
12450553,2,0,3,6
12450556,1,2,9,2
12450552,0,5,2,6
12450557,1,1,5,5
12450554,0,2,8,3
12425213,1,1,3,6
12425228,3,1,5,8
12425268,4,1,7,3
12623243,2,0,3,7
12623662,3,0,4,4
12623594,4,0,8,4
12623233,2,3,2,5
12623555,0,1,3,2
12623254,4,3,7,8
13578859,2,2,9,7
13578844,3,1,9,2
13578967,1,1,3,2
13578912,0,0,6,6
12412246,3,0,6,3
12412239,5,1,4,4
12425297,1,3,17,0
12623616,0,1,6,5
12409777,2,2,3,6
12412203,1,0,2,3
12412208,3,0,7,3
12412178,0,1,4,4
12412200,1,0,4,4
12412228,1,0,6,6
12412240,1,1,4,5
12623917,1,2,4,4
12623910,0,2,6,8
12623896,1,0,4,9
12623924,2,0,7,7
12409633,2,1,10,2
12412222,1,0,13,2
12435908,1,1,6,4
12425284,1,1,4,4
12409645,1,2,7,1
12412049,1,3,8,9
13578923,1,0,3,4
12412080,1,0,14,1
12450535,2,1,3,4
12450534,1,1,4,0
12450542,2,1,9,6
12450537,6,0,5,1
12450539,3,1,3,4
12450540,3,1,5,4
12450541,3,1,3,4
12450536,1,0,6,3
12450538,1,2,5,3
12450544,2,1,5,6
12450547,0,1,10,2
12450548,1,3,4,3
13578833,1,1,6,4
13578903,2,1,5,5
13573561,1,0,4,9
13578913,1,0,8,4
13578806,1,2,8,2
12409663,1,2,5,4
12409690,0,4,0,12
12409651,0,1,1,13
12409627,0,1,9,2
12412084,1,0,4,4
12412119,2,3,5,2
12412101,2,2,10,4
12412070,1,1,3,6
12425266,2,1,8,6
12425293,2,1,4,2
12425241,1,3,7,6
12425194,3,1,8,4
12425256,5,1,7,2
12425242,1,0,0,9
12623856,1,0,5,6
12623798,2,2,2,5
12623831,0,1,7,5
12623451,3,2,6,2
12623336,0,0,3,9
12623572,1,1,4,4
13578823,0,0,2,11
13578865,2,1,5,4
13578830,1,1,3,7
13578911,2,2,5,3
12409680,4,1,7,7
12409726,4,2,4,7
12409735,0,0,5,4
12409713,0,2,2,5
12409625,1,1,2,5
12412681,4,3,4,1
12412071,1,1,5,2
12435901,1,0,6,8
12412131,0,0,4,4
12450525,0,1,2,5
12425190,2,1,7,3
12425239,0,0,3,2
12425274,2,1,10,2
12623888,0,3,9,4
12623839,0,1,6,7
12623767,1,0,4,6
12623347,1,1,9,7
12623548,0,4,4,4
12623607,1,0,2,7
12623629,3,2,2,6
12623265,2,2,7,5
12623533,4,4,3,5
12450517,4,1,8,6
12450515,2,1,5,2
12450516,2,0,5,5
12450526,0,1,9,4
12450527,2,1,12,1
12450528,3,5,6,5
12450529,1,2,4,4
12450532,2,0,6,1
12450531,2,0,2,4
12450533,1,0,4,7
12450530,1,2,4,1
13578870,3,0,4,5
13578910,6,0,6,0
13578871,2,2,9,4
13578838,0,2,7,4
13578914,2,0,3,6
13578930,4,1,2,7
13578877,0,1,1,6
13578928,2,1,5,5
13573559,0,1,9,3
12409693,5,0,5,4
13578849,2,1,1,2
12409704,1,0,6,9
12412073,4,2,5,1
12450510,1,1,7,7
12623939,3,0,5,5
13578947,1,0,3,3
13578846,1,1,4,6
13578848,2,2,16,3
13578926,0,2,3,4
13578861,0,0,5,5
12409758,2,2,15,4
12409686,2,1,10,3
12409783,4,1,7,2
12409642,4,2,1,4
12412075,3,1,7,1
12412055,1,2,4,5
12412058,0,1,4,4
12412102,2,1,4,4
12425229,1,5,4,3
12425267,1,3,3,6
12425300,2,2,2,9
12425179,3,3,7,9
12425176,2,0,6,1
12623750,2,0,4,5
12623887,1,0,7,4
12623847,0,0,2,2
12623802,0,0,6,2
12623761,1,1,10,5
12623499,1,2,3,4
12623544,3,0,5,3
13578834,3,1,1,10
13578943,2,0,1,3
13578835,1,1,10,2
12409649,1,1,13,5
12409703,2,2,3,6
12409716,5,2,1,4
12409673,0,1,1,7
12409706,0,3,2,13
12412676,1,3,3,2
12412146,0,1,4,8
12412087,0,2,8,2
12412144,1,0,3,3
12435912,0,2,13,5
12450506,2,1,5,5
12450511,0,1,3,3
12450504,2,1,6,5
12450508,0,1,9,2
12450509,1,0,2,4
12450520,2,1,3,9
12450519,2,2,6,3
12450518,1,1,3,5
12450512,0,1,4,4
12450513,0,1,4,1
12450514,2,1,3,6
12425200,1,2,4,2
12425252,3,0,4,4
12624189,3,1,5,6
12623762,2,1,8,4
12623822,1,0,3,4
12623238,0,0,7,3
12623190,2,2,6,5
12623251,2,0,4,7
12623647,1,2,4,6
12623318,1,2,7,6
12623239,1,2,3,3
13573558,1,0,3,8
13578944,2,1,4,3
12425220,0,2,9,2
12623955,0,4,5,7
12623631,2,3,8,5
12450502,1,0,5,4
12450503,1,3,7,7
12450505,3,0,3,1
12409694,0,3,12,2
12411995,1,1,4,8
12450496,2,2,8,4
12450497,2,1,4,5
12450494,0,1,4,4
12450499,0,0,4,4
12450495,2,2,4,6
12450498,0,1,11,4
12450500,1,1,4,6
12450501,1,0,7,3
12450507,0,0,8,4
12623739,1,1,8,3
13578855,2,2,9,3
12409739,0,0,3,6
12409666,3,2,4,4
12409717,0,0,5,3
12409709,3,1,4,1
12411992,1,1,9,3
12412668,1,3,5,4
12412023,0,0,6,5
12412009,1,2,7,7
12412027,0,4,3,4
12425247,3,2,5,1
12425208,0,2,5,2
12425269,2,1,1,3
12425207,1,0,6,3
12425210,0,1,4,7
12425187,0,1,8,5
12623730,0,1,11,4
12623945,0,0,2,3
12623779,1,1,8,3
12623861,1,1,4,4
12624215,1,1,1,5
12623236,1,0,6,4
12623503,1,1,11,2
13573564,2,1,6,6
13578832,2,0,3,3
13578809,3,0,1,4
13578863,1,1,8,1
13578831,0,0,12,4
13578807,3,0,9,2
13578884,1,2,2,6
13578819,2,0,3,10
13578836,1,2,6,3
12409722,2,1,4,4
12409705,2,1,2,4
12409749,1,1,3,8
12409696,1,2,4,8
12409623,2,2,4,7
12412002,1,2,9,4
12412019,1,2,4,2
12412006,0,1,5,3
12450478,2,1,2,2
12450480,1,2,1,5
12450489,1,1,0,5
12450484,2,1,11,4
12450483,1,0,2,10
12450482,2,1,2,5
12450487,1,1,1,9
12450488,0,0,7,4
12450485,0,1,5,3
12450486,1,0,4,3
12450490,0,1,6,6
12425188,2,1,2,8
12425243,1,0,5,1
12623813,2,2,7,4
12623741,1,3,2,2
12623972,2,2,2,4
12623591,3,1,8,2
12623213,0,1,4,0
12623231,2,0,5,6
12623203,1,4,3,4
12623549,1,1,4,4
12623229,0,4,2,4
12409747,1,0,4,6
12435907,0,4,8,4
12450479,0,2,4,2
12425301,1,2,11,2
12623963,1,0,1,2
12623341,1,3,2,4
12409665,1,2,8,3
12409765,0,3,4,0
12409785,2,0,5,0
12409740,2,1,4,5
12409730,1,1,2,2
12409733,1,0,11,5
12450303,2,0,4,3
12409629,2,1,5,4
12409657,1,0,3,10
12409684,1,0,1,2
12412223,1,1,4,2
13573566,2,2,9,2
12412185,2,1,2,2
12623781,0,0,5,5
12623835,1,1,5,3
13576295,2,1,2,3
13576299,0,0,2,2
13576305,1,1,3,5
12412210,0,0,3,4
12412202,4,1,10,2
12412224,1,2,3,1
12412176,1,0,4,5
12412218,3,2,8,3
12425217,0,3,6,5
12425205,1,0,10,6
12425286,3,2,3,4
12425235,2,4,10,3
12425244,1,0,6,2
12425296,2,1,7,4
12623853,3,0,4,6
12623880,1,0,2,4
12623725,2,1,2,4
12623712,0,1,6,6
12623879,2,1,2,6
12623174,3,1,6,4
12623570,1,2,3,3
13576302,1,1,4,2
13576308,0,0,6,2
13576310,2,1,2,6
13576306,2,1,1,10
13576311,2,0,4,5
13576307,2,0,3,5
12412190,2,1,3,6
12412227,0,2,7,5
12435906,1,1,4,3
12450297,1,0,7,2
12450296,1,1,9,1
12450302,0,1,10,4
12450304,2,2,5,4
12450307,2,1,11,5
12450309,1,0,3,6
12450306,1,0,2,5
12450310,3,1,8,2
12450308,3,1,3,2
12450305,1,0,6,1
12450311,0,0,14,5
12425271,4,2,6,5
12425230,1,6,3,6
12425250,3,1,0,12
12623953,1,1,4,1
12623746,1,0,4,3
12623825,0,1,2,3
12623528,3,1,3,2
12623508,3,2,5,4
12623522,1,0,6,10
12623191,1,1,2,2
12623561,0,1,4,5
12623175,1,0,5,8
12623276,0,3,3,4
12412213,3,0,8,4
12409751,0,3,6,4
12412173,2,4,6,6
12425258,3,1,5,5
12623846,0,2,2,6
12409732,1,0,5,4
12409731,2,0,6,5
12412164,2,2,4,4
12412237,0,1,4,6
12412243,2,3,3,7
12412171,1,2,3,2
12450295,0,1,7,2
12425183,0,0,4,4
12425261,4,2,4,1
12425222,2,1,4,3
12623843,5,0,7,1
12623979,3,0,1,6
12623705,1,0,8,3
12623988,0,0,3,8
12623335,3,4,1,10
12623519,3,1,3,5
12623614,1,3,8,3
12425203,0,2,NA,NA
12409736,1,2,4,3
12409742,1,1,6,5
12409725,2,4,6,3
12409710,2,2,4,5
12409635,1,2,5,1
12412238,1,1,9,4
12412245,0,1,3,4
12412236,1,2,11,4
12435899,2,1,6,2
12450285,1,2,3,1
12450289,3,0,6,1
12450290,0,0,9,2
12450286,1,0,7,5
12450293,1,0,4,5
12450298,2,3,7,3
12450300,2,1,6,5
12450294,2,2,1,8
12450299,0,2,4,4
12450301,1,1,6,5
12425240,1,0,5,4
12425282,1,0,3,5
12425177,0,2,0,9
12623932,2,1,0,5
12623895,1,1,6,3
12624174,1,0,5,5
12623990,0,1,2,1
12623628,2,0,3,12
12623565,2,4,4,1
12623295,1,0,1,4
12623489,2,2,1,4
12623553,1,1,2,14
12412193,2,2,4,5
12450291,2,1,5,3
12425298,1,1,7,3
12624159,2,1,3,3
12623563,1,0,11,2
12450279,1,1,6,2
12450276,1,2,4,3
12450282,2,0,4,8
12450278,2,1,4,4
12450275,1,2,7,0
12450283,1,0,3,4
12450277,1,1,7,2
12450280,2,1,4,6
12450287,2,0,4,3
12450288,2,3,9,3
12450292,1,1,5,4
12450284,1,0,1,6
12409750,0,1,3,4
12412205,0,1,6,3
12435910,1,1,4,9
12623703,1,1,4,9
12409689,1,0,12,2
12409743,1,1,2,9
12409719,2,2,3,6
12412204,1,1,3,3
12412188,1,0,11,1
12412189,2,1,4,4
12412180,2,1,4,6
12450271,1,0,7,6
12425193,1,1,5,6
12425180,0,2,6,12
12425280,0,1,3,9
12425294,0,2,9,2
12425234,2,0,6,6
12623840,0,1,1,9
12623914,1,2,1,3
12623715,0,4,2,5
12623809,2,1,4,4
12623588,1,2,1,5
12623506,1,1,6,4
12409640,1,1,5,5
12425251,0,1,7,0
12409775,0,1,6,5
12409688,2,1,3,7
12409781,1,0,5,4
12409721,3,1,6,4
12409650,1,0,3,2
12412196,4,0,12,0
12412242,3,3,3,3
12412232,1,0,2,6
12412231,1,1,3,9
12412235,2,1,2,5
12412217,2,1,5,4
12412230,1,0,1,6
12450254,1,2,5,6
12450253,2,0,7,4
12450257,0,2,4,6
12450261,0,0,6,1
12450260,1,1,14,1
12450265,4,0,6,4
12450273,3,2,7,5
12450274,2,1,2,4
12450268,1,1,12,1
12450267,0,3,2,2
12450266,1,0,8,3
12450272,2,1,4,3
12450269,1,0,5,6
12450270,1,2,11,4
12450281,1,0,3,4
12425281,2,0,3,2
12425264,2,1,2,5
12425181,0,4,6,5
12425192,0,1,5,3
12425211,0,4,4,9
12425197,1,1,3,5
12425202,1,0,7,1
12425198,1,4,3,2
12624211,2,1,4,1
12623974,1,1,3,6
12623850,2,0,6,0
12623851,1,2,3,5
12623837,0,2,1,4
12623876,2,1,1,2
12623780,1,1,2,5
12623805,1,1,3,5
12623759,3,2,13,1
12623826,2,3,2,7
12624206,2,2,7,4
12623622,0,0,5,2
12623542,0,1,11,3
12623293,0,2,10,3
12623595,2,3,8,3
12623311,0,1,12,3
12623452,0,0,2,6
12623308,1,1,6,6
12623566,1,3,4,3
12623211,2,2,3,1
12412229,2,1,9,2
12412183,1,1,6,6
12412221,1,0,6,2
12412175,2,2,4,2
12450252,1,1,5,2
12450256,1,1,10,3
12450255,1,0,2,7
12450258,1,0,5,3
12450259,2,3,3,11
12450263,1,2,6,2
12450264,0,0,4,5
12425212,4,1,9,3
12425292,1,3,3,4
12425178,3,4,9,2
12623815,0,0,3,2
12623807,1,1,12,3
12623931,1,0,7,7
12623554,1,2,7,1
12623547,1,4,2,6
12623507,0,3,6,2
12623192,1,2,8,2
12623583,0,1,8,5
12623500,0,2,7,1
12409779,2,0,3,3
12412673,1,1,13,4
12450262,1,2,5,9
12425227,3,0,7,2
12623784,1,0,5,2
12623235,1,3,4,6
12409782,2,0,4,2
12623830,2,1,4,5
12409656,1,1,2,5
12409728,0,0,3,11
12409695,0,1,8,3
12409788,4,0,4,2
12409700,3,2,5,6
12409644,2,1,1,9
12409687,1,2,7,4
12409745,4,1,3,8
12450159,1,0,5,3
12449804,1,3,5,1
12412108,1,1,4,4
12450104,1,3,3,5
12623701,4,0,6,3
12405905,0,2,7,5
12405992,4,3,7,6
12412042,7,1,4,4
12412133,1,2,2,5
12412048,2,0,11,5
12412124,3,0,3,3
12450243,2,0,4,6
12425238,1,4,5,3
12425231,0,0,1,8
12425285,3,1,2,11
12425291,2,0,8,5
12425265,2,3,5,4
12623754,0,1,3,4
12623858,2,1,4,6
12623930,0,5,3,4
12623757,1,0,4,1
12623526,4,0,4,1
12623252,2,2,7,4
12623642,1,1,4,8
12405920,0,1,2,0
12405881,2,1,2,3
12405903,0,1,6,7
12405932,2,2,7,8
12405925,0,2,7,7
12405910,1,4,4,4
12405882,0,4,5,6
12412053,0,1,3,5
12435897,0,1,7,0
12412061,0,3,7,0
12412043,0,2,5,3
12450113,2,1,10,3
12450116,0,1,4,4
12450120,4,2,4,4
12450110,1,1,0,6
12450103,2,1,5,1
12450109,0,1,5,3
12450121,3,0,5,7
12450102,2,0,13,2
12425232,2,1,1,6
12425223,3,3,4,3
12425249,3,0,2,5
12623859,1,0,6,7
12623927,2,0,0,4
12623842,2,1,4,11
12623778,0,0,6,6
12623189,6,0,5,3
12623497,1,1,3,5
12623310,2,0,6,5
12623648,0,3,2,4
12623531,0,2,5,11
12405890,0,4,5,6
12409692,2,2,6,8
12412060,1,0,5,4
12449798,1,1,10,2
12450077,2,1,4,1
12450086,4,0,4,9
12425233,1,0,9,2
12623747,0,1,11,8
12623291,5,0,3,7
12412125,1,0,4,5
12449803,1,1,7,4
12449814,2,1,10,0
12623940,2,0,4,5
12405938,2,1,4,3
12405985,1,0,10,5
12412083,3,0,5,5
12435904,1,1,2,7
12412123,0,4,3,2
12412143,3,1,3,5
12425262,1,4,7,4
12425226,0,2,7,3
12425218,0,2,4,8
12425221,0,1,1,4
12425290,1,3,6,2
12623774,0,2,2,1
12623775,1,0,7,5
12623685,0,0,3,7
12623788,0,1,1,10
12623789,3,0,9,5
12623337,3,1,4,6
12623168,0,2,8,4
12623448,1,3,6,4
12405906,1,1,16,1
12405919,3,0,2,9
12405894,1,2,6,2
12405902,2,1,8,4
12405912,0,2,3,7
12405911,4,0,7,4
12405936,1,3,4,6
12405886,0,1,9,2
12412046,1,1,2,7
12412140,1,1,6,2
12412054,1,2,3,3
12412081,1,1,4,5
12412666,3,3,3,2
12449816,2,0,6,3
12449817,1,1,4,5
12449815,1,1,5,3
12449820,0,1,5,3
12450247,0,1,8,5
12449818,1,1,5,2
12450082,0,2,4,5
12450079,0,0,2,6
12450101,4,0,2,4
12450085,1,2,10,1
12450112,3,1,1,6
12425236,0,1,5,2
12425257,5,1,14,3
12425283,7,1,9,1
12623907,0,0,8,2
12623683,2,2,7,1
12624208,1,0,10,7
12623392,0,0,6,0
12623420,1,2,7,5
12623272,1,2,4,5
12623172,2,0,2,8
12623240,0,1,2,6
12425224,2,2,6,4
12623829,3,2,8,2
12623280,0,0,8,9
12405884,2,2,2,3
12449799,2,0,2,1
12449812,5,1,2,6
12449809,0,1,1,7
12449808,2,0,9,3
12449810,3,1,9,4
12449821,2,0,6,1
12449819,0,2,11,1
12449806,1,0,10,9
12449807,0,0,3,4
12449813,0,1,8,3
12449811,2,1,10,4
12450242,0,4,7,7
12412134,1,1,7,11
12623824,2,1,8,1
12412076,0,1,8,3
12412082,1,4,5,6
12412096,2,0,9,3
12435909,2,1,6,0
12450137,0,1,11,3
12623487,2,2,3,5
12425215,2,0,6,2
12425259,4,0,6,6
12425246,0,2,1,7
12623941,2,1,7,6
12623710,5,1,8,1
12623731,0,0,6,5
12624202,1,1,6,6
12624187,0,1,4,6
12623285,2,0,5,4
12623334,2,2,3,5
12412091,3,0,11,2
12412065,1,0,4,2
12412062,1,2,6,5
12412110,1,1,6,1
12412152,3,2,4,7
12449801,1,1,2,4
12449805,2,1,5,5
12450199,2,2,7,3
12449802,2,1,12,2
12425175,1,2,8,10
12425209,0,2,2,4
12425245,4,1,1,1
12425289,2,0,7,3
12624188,0,2,2,6
12624196,0,5,7,2
12624172,1,1,4,2
12623333,1,2,9,4
12623201,0,4,8,4
12623264,1,0,6,3
12623301,0,0,3,9
12623423,0,0,1,3
12623176,1,1,6,1
12425279,0,2,12,4
12623923,3,0,1,8
12623849,1,2,9,1
12623247,3,0,4,2
12450162,0,2,3,8
12450136,1,0,12,3
12449800,2,1,11,2
12405957,2,1,4,3
12412267,2,1,11,3
12450158,2,3,1,5
12623686,1,2,7,7
12405924,5,1,5,2
12405885,0,2,10,4
12405939,0,2,11,0
12412258,2,1,3,5
12412262,2,2,3,7
12412265,2,1,5,2
12412266,1,0,5,2
12425806,3,2,6,2
12623164,1,2,9,3
12425805,1,1,4,2
12623162,1,1,7,2
12623149,1,0,6,2
12623720,2,1,1,8
12623693,4,1,8,6
12623799,1,1,8,11
12623863,1,1,2,3
12623209,3,1,3,3
12623230,1,1,9,1
12405967,0,2,3,3
12405981,4,0,5,6
12405947,1,2,1,2
12405928,1,2,3,7
12405922,7,0,4,6
12405891,2,0,5,8
12412253,2,0,10,4
12412257,0,0,6,5
12412256,5,1,3,6
12412674,0,1,2,9
12435913,1,0,1,8
12450164,2,1,7,3
12450155,0,1,2,2
12450128,1,2,8,4
12450131,7,0,14,1
12450125,2,1,2,11
12450132,1,1,5,3
12450141,2,1,2,5
12450161,0,0,3,3
12450127,1,1,9,5
12450142,0,2,8,2
12450211,0,1,4,6
12425810,2,5,4,7
12425811,4,1,7,1
12623156,4,2,5,4
12623768,1,1,8,0
12623838,2,0,4,2
12623776,0,1,7,3
12623921,3,2,4,6
12623370,1,2,2,0
12623218,4,3,12,1
12623386,1,2,4,5
12623436,0,0,4,5
12623286,0,1,9,7
12623332,1,1,3,1
12623107,0,2,4,5
12624214,1,3,3,2
12623406,1,0,3,8
12412109,1,1,3,4
12450042,0,1,7,3
12450126,0,0,1,5
12412122,7,1,14,4
12623864,2,0,9,6
12623911,1,1,7,9
12406225,1,1,4,3
12406217,1,2,4,7
12406211,0,1,3,0
12406215,1,2,6,4
12412138,0,0,16,1
12412074,0,3,5,2
12412690,2,1,4,1
12425804,1,1,4,8
12623485,1,2,6,2
12623669,0,1,6,6
12425802,1,0,4,4
12425809,2,0,6,12
12623973,1,2,14,2
12623818,0,4,7,0
12623797,3,2,7,4
12623866,1,2,1,5
12623208,2,2,9,3
12623466,3,0,5,7
12406219,5,0,3,9
12406228,0,1,9,1
12406218,4,1,3,4
12406223,3,1,2,3
12406213,1,3,3,8
12406224,0,1,1,5
12412113,1,1,5,6
12412153,0,1,4,4
12412107,0,3,1,7
12435911,1,1,5,1
12450118,2,1,1,7
12450163,2,1,5,10
12450249,2,1,5,3
12450153,0,1,7,5
12450154,5,1,7,8
12450124,2,1,6,4
12450160,0,2,12,6
12450156,0,0,5,5
12450123,2,2,7,2
12450134,5,1,7,5
12425803,2,1,7,7
12623524,3,2,4,2
12425808,1,1,8,1
12623951,1,2,4,5
12623852,1,1,2,4
12623885,2,1,9,1
12623296,2,2,7,3
12623284,2,2,5,5
12623228,1,2,2,4
12623348,2,1,6,4
12623319,2,0,9,2
12623197,3,0,8,7
12412097,1,1,4,2
12450133,0,3,11,1
12425807,1,1,3,4
12624158,2,0,6,3
12623292,2,2,10,3
12449959,0,2,4,4
12449992,1,1,2,8
12449960,3,3,12,0
12449985,1,0,6,9
12450203,2,3,5,5
12449966,2,0,5,5
12449917,1,3,12,3
12449918,1,0,9,7
12450740,4,2,1,9
12450741,0,2,3,6
12449945,4,0,15,1
12449922,1,4,5,4
12458327,1,1,5,6
12458265,1,1,4,4
12405862,2,0,8,2
12405877,1,0,3,12
12405856,0,2,2,10
12449932,1,1,6,3
12449978,2,2,6,4
12449933,5,0,2,5
12449972,4,3,5,4
12449938,0,0,5,4
12449925,0,0,5,4
12449975,1,0,3,8
12449919,3,2,13,1
12412593,1,1,6,4
12412037,2,2,6,3
12412035,2,1,3,3
12449926,4,0,5,8
12450177,3,0,2,4
12449920,2,2,4,9
12432604,1,1,6,4
12432609,1,5,5,0
12412008,1,2,10,5
12412031,1,2,3,8
12432602,0,2,0,8
12412015,1,1,8,7
12594135,2,0,2,4
12594139,4,0,5,6
12405879,1,1,2,13
12412022,2,2,2,2
12425730,4,0,7,2
12405875,0,1,4,10
12450248,2,1,4,2
12449881,1,0,3,1
12449855,1,2,2,5
12449861,1,0,2,13
12449858,1,1,1,5
12449879,2,2,15,2
12449854,2,1,7,5
12449856,1,1,11,1
12449859,0,0,5,7
12449916,1,1,8,2
12449905,0,2,3,2
12504764,2,0,7,7
12504765,1,0,9,3
12504756,3,2,8,6
12504768,3,1,6,3
12504781,2,2,4,2
12504770,1,1,8,9
12500760,2,3,2,4
12425729,6,0,10,2
12412184,2,1,5,6
12412219,1,0,5,4
12412186,1,2,7,2
12412194,3,1,4,7
12405864,1,1,8,9
12449860,1,1,2,5
12504769,0,2,4,2
12504772,2,3,1,7
12432607,1,1,4,4
12425723,0,2,2,4
12412247,3,0,5,5
12412195,0,0,3,2
12435877,0,1,5,4
12425721,2,2,2,4
12412646,3,0,1,9
12412220,0,0,3,8
12412191,2,1,3,7
12412155,4,3,7,4
12412678,1,0,5,3
12412683,1,2,6,6
12412652,0,0,5,9
12435875,0,0,9,3
12412066,1,2,8,6
12412118,0,0,4,4
12509899,0,3,4,1
12509896,0,0,7,3
12412680,1,1,2,6
12412614,4,0,5,0
12405949,1,3,2,11
12405934,1,1,8,6
12449833,1,0,6,7
12449869,1,3,4,5
12450053,0,1,10,4
12450076,3,1,2,5
12450067,3,0,6,6
12450063,2,0,8,7
12450072,3,0,6,9
12449913,1,1,9,0
12450052,0,2,4,5
12450065,1,2,4,5
12594142,2,3,18,2
12594140,3,3,11,2
12594134,3,1,1,4
12594137,0,0,5,6
12594136,1,0,5,4
12425727,4,3,9,2
12510086,1,1,5,6
12509900,2,1,4,6
12509897,2,1,4,9
12504785,0,4,5,3
12412151,0,1,2,2
12412692,7,0,10,1
12504779,0,0,5,3
12504782,3,0,1,5
12504784,2,2,9,2
12504787,1,1,4,9
12450192,1,0,8,5
12450062,0,1,6,3
12510088,1,1,6,3
12412612,3,2,6,3
12412158,2,0,6,5
12412653,0,1,1,3
12412662,1,1,14,3
12435874,2,1,3,7
12594141,0,2,1,7
12432603,2,1,3,5
12509902,0,0,6,4
12412679,0,0,4,1
12594138,0,2,3,4
12450071,2,3,9,5
12450056,2,0,8,2
12425744,1,3,5,4
12594166,3,4,2,6
12594167,2,4,4,9
12435880,1,0,8,4
12623860,2,1,6,3
12623773,3,2,9,1
12623904,0,3,5,3
12406046,3,2,6,2
12406050,1,1,3,2
12450188,1,1,6,10
12449871,1,0,4,5
12449835,1,1,11,4
12449843,1,1,9,2
12449836,1,0,7,6
12449857,3,0,6,6
12449909,0,1,6,4
12449868,0,1,9,3
12449842,0,2,16,3
12594152,0,0,6,5
12594153,4,2,8,1
12623935,2,3,7,3
12594145,1,6,2,10
12594146,1,3,6,2
12594149,1,2,5,4
12594148,2,1,5,6
12412269,1,1,4,7
12594147,1,4,4,12
12412114,0,2,6,6
12412089,1,2,7,6
12412272,1,1,4,4
12412270,2,0,2,2
12449845,0,3,10,4
12449846,3,2,3,5
12449831,1,0,4,5
12594143,1,2,10,4
12425753,3,1,9,1
12594151,3,1,7,7
12432611,0,3,1,6
12412098,1,4,1,6
12623857,4,0,6,1
12412067,3,1,5,3
12406048,0,1,7,6
12425731,1,1,7,9
12623960,1,1,1,8
12623700,0,4,7,4
12412645,3,0,7,3
12623903,1,1,4,5
12623682,2,3,5,6
12412106,3,1,7,4
12412657,1,0,5,5
12412687,0,2,4,7
12412694,2,1,8,4
12594150,2,3,14,1
12406000,0,0,4,11
12405994,1,1,2,10
12405908,1,1,6,1
12405984,3,1,6,0
12449849,1,0,5,2
12449841,2,1,5,1
12449847,2,1,4,2
12449908,0,2,0,4
12449865,1,2,6,3
12449853,2,1,8,5
12449852,1,0,11,2
12450171,4,1,3,5
12449848,1,1,5,10
12449873,1,0,3,5
12449906,1,3,2,5
12425749,3,3,9,5
12594155,2,0,8,5
12594156,2,2,2,5
12594144,0,3,3,9
12623699,2,0,3,4
12412028,2,0,5,4
12412007,2,1,2,4
12412012,0,0,5,7
12412001,2,1,3,5
12405993,2,2,9,1
12405999,3,1,6,5
12405979,3,1,9,4
12449844,0,0,3,4
12412005,1,5,7,3
12594157,0,0,3,1
12594154,5,1,6,4
12594161,4,3,6,2
12412017,3,1,3,6
12425737,2,3,10,3
12432613,2,0,4,3
12412039,1,1,3,4
12412148,0,0,10,5
12412684,2,1,6,4
12411994,1,2,6,3
12412056,1,1,1,4
12435884,1,2,4,1
12412675,1,0,7,5
12405995,1,2,2,10
12405988,1,1,7,6
12450245,2,1,4,6
12449903,4,1,7,5
12449851,3,0,7,3
12450073,2,0,7,2
12450054,3,1,3,8
12449850,0,0,2,6
12450080,0,0,14,9
12450050,3,2,5,4
12450051,3,1,3,15
12594168,1,1,6,1
12594169,1,0,2,4
12594164,0,2,7,6
12594160,2,2,1,3
12594158,0,3,4,2
12594165,4,0,7,5
12623942,3,0,4,7
12412254,4,2,5,8
12412251,3,0,6,4
12412259,1,1,5,5
12412249,1,2,7,4
12449870,1,1,3,8
12405963,0,3,5,3
12412252,1,1,5,5
12449876,1,0,5,6
12450201,3,0,7,5
12449834,1,0,5,5
12449837,0,1,5,4
12449826,2,2,5,6
12449915,1,0,7,1
12449872,3,0,5,1
12449838,1,3,5,6
12449874,2,0,1,8
12449828,1,1,9,6
12449840,0,0,6,5
12449827,6,1,3,5
12623359,2,1,6,5
12405952,3,2,8,3
12405970,4,1,5,5
12449864,1,2,6,6
12449825,2,0,6,9
12450069,2,1,5,5
12449822,0,0,5,9
12450200,2,1,7,5
12450068,0,0,5,2
12449823,0,0,2,3
12450081,4,0,4,7
12449875,1,1,11,4
12450066,2,2,8,1
12623204,1,3,7,6
12623587,2,1,3,3
12623618,0,1,7,5
12623188,2,2,12,3
12425747,3,1,5,4
12623736,2,1,13,6
12623992,3,1,4,1
12412264,1,1,4,2
12435881,2,1,4,6
12412248,0,0,1,2
12405962,0,0,6,3
12405975,1,1,11,3
12450057,1,1,4,6
12623171,3,3,0,11
12623543,0,1,3,2
12623816,3,2,14,0
12412271,1,0,4,1
12412670,0,3,11,3
12412250,2,1,6,1
12412263,2,0,2,5
12412255,1,2,5,13
12412268,0,1,11,2
12623322,1,1,10,5
12623142,2,0,1,9
12623152,2,2,3,5
12425745,2,0,6,9
12412260,1,1,5,1
12623516,0,3,2,2
12405907,0,1,9,4
12405969,2,1,9,2
12405892,1,3,6,11
12405915,4,1,13,5
12450003,1,0,3,8
12449968,0,2,7,0
12449958,1,1,9,5
12449971,1,2,3,5
12449964,0,2,10,3
12449996,1,1,8,7
12449989,5,0,9,1
12450175,3,0,10,4
12449957,1,1,5,8
12449955,2,0,7,3
12623356,0,2,5,3
12623234,3,1,5,4
12623220,2,1,8,3
12623321,2,1,7,1
12425760,0,0,6,1
12412036,0,1,6,6
12412011,1,2,10,2
12435879,4,1,5,5
12412038,2,3,5,6
12405948,1,2,1,18
12405935,0,2,5,7
12405958,2,3,10,6
12623501,2,4,4,4
12623275,0,2,7,3
12623600,4,0,7,3
12425736,0,4,4,6
12425771,0,2,2,7
12623948,0,6,1,3
12623836,0,1,7,7
12623919,1,0,7,1
12623841,1,0,8,4
12623925,2,2,1,7
12623793,1,1,7,4
12411993,1,1,5,5
12412016,3,1,8,2
12412034,1,0,9,3
12411999,1,2,6,2
12623934,0,1,3,3
12624210,0,2,2,5
12624160,2,1,0,7
12623877,1,1,1,3
12623966,2,1,5,3
12623702,0,0,13,6
12623906,1,1,8,3
12623764,5,1,4,2
12623872,1,0,5,0
12623810,2,3,5,3
12624183,2,0,1,3
12623985,2,3,3,1
12623870,1,1,2,9
12623991,1,2,6,3
12623721,3,0,2,1
12623868,1,2,2,2
12623786,2,1,3,10
12623728,2,2,2,12
12623755,0,0,4,3
12623811,2,3,5,6
12623735,0,2,10,4
12623706,2,1,9,6
12623717,0,0,2,7
12623709,3,2,4,2
12623968,0,0,4,8
12623916,2,2,4,3
12510085,1,0,4,6
12509906,0,2,3,1
12509905,2,2,5,7
12510092,2,1,6,4
12510078,1,0,7,10
12510094,4,0,3,4
12509904,0,1,3,3
12510090,1,2,8,5
12510093,3,0,7,5
12509901,0,1,8,3
12510095,2,0,10,6
12509898,2,1,4,13
12504783,3,0,3,0
12504786,3,1,6,3
12504780,1,1,9,5
12504778,0,0,7,3
12504777,2,2,1,4
12405899,2,1,1,5
12405895,2,0,7,4
12405923,3,2,4,7
12405956,0,0,0,10
12405916,3,1,13,1
12405960,5,3,10,3
12405921,1,0,0,9
12405955,0,1,3,8
12405989,3,1,6,4
12405978,4,2,8,2
12405983,4,2,17,0
12405996,2,2,8,2
12405987,3,0,3,9
12405998,0,3,6,5
12425739,0,5,3,2
12406052,1,2,4,7
12623135,1,1,4,8
12406047,0,1,7,2
12623141,2,1,5,9
12425763,4,2,5,5
12425748,1,1,5,15
12406049,0,0,9,2
12406051,0,3,0,7
12405904,0,3,5,2
12623161,4,2,4,4
12405896,2,1,7,12
12623128,1,2,10,4
12425742,2,1,4,6
12405914,1,1,7,3
12405976,1,2,1,4
12425751,1,1,9,3
12425741,1,0,8,3
12405946,2,3,8,4
12405887,3,1,2,8
12405918,1,1,3,7
12425746,1,2,3,4
12432595,2,1,6,2
12425738,0,3,1,5
12405860,2,0,9,4
12405867,2,6,5,5
12432586,0,0,11,4
12425752,3,1,6,4
12432610,3,0,2,3
12405859,0,2,4,1
12405868,4,1,10,1
12425750,1,1,3,6
12432597,3,1,6,4
12405878,2,1,7,5
12425740,1,1,3,5
12405855,0,2,3,3
12432601,1,1,4,3
12405861,4,0,12,5
12425754,8,0,3,2
12425728,0,0,5,8
12405865,2,1,4,4
12432612,2,0,6,5
12432594,1,2,6,3
12405863,0,2,4,3
12432589,3,0,3,4
12405858,2,1,4,7
12405857,1,2,5,3
12405876,1,1,2,6
12425734,2,0,1,2
12405869,0,3,1,5
12425726,1,0,2,7
12425732,1,3,3,1
12405866,1,0,7,8
12425722,1,4,4,7
12432587,3,1,2,2
12432605,1,1,7,7
12425725,1,3,2,3
12432596,1,3,8,3
12432590,3,1,2,5
12432598,2,0,3,12
12432592,2,0,5,2
12425733,2,0,3,2
12425724,0,2,0,6
12432591,3,0,7,7
12432608,0,1,7,3
12432599,0,0,10,5
12432606,2,1,3,5
12432588,1,0,5,4
12432593,1,4,2,8
12412032,5,1,5,5
12412004,2,3,11,2
12623943,0,1,1,3
12425735,1,1,8,2
12405917,1,0,6,6
12412103,1,1,6,2
12623949,0,3,9,6
12623704,3,2,9,12
12450090,2,0,12,5
12450049,2,2,5,2
12450174,2,1,10,4
12450064,1,1,7,3
12450055,0,0,9,6
12450098,2,2,6,13
12623245,3,1,4,2
12450091,0,0,4,4
12450060,1,0,6,2
12450094,1,1,4,8
12450095,1,0,8,6
12450070,1,2,10,3
12449899,1,2,7,7
12623173,1,1,2,4
12435885,0,2,13,2
12623681,2,0,2,4
12623677,1,0,1,3
12405893,1,3,6,7
12623653,2,1,3,5
12623657,3,1,3,3
12623491,2,1,9,5
12412285,1,2,4,6
12449887,0,0,16,1
12449883,2,0,5,3
12449891,0,0,7,6
12450205,1,0,6,3
12405898,1,0,12,1
12405973,1,1,9,7
12623541,0,0,7,6
12449882,3,3,2,1
12449900,2,0,8,2
12449941,0,0,12,1
12449976,3,2,11,5
12623806,1,0,16,5
12412287,1,0,6,2
12412290,1,0,3,5
12425758,4,2,2,3
12405940,2,2,9,6
12449896,0,1,10,6
12412286,0,4,10,3
12623772,6,1,4,2
12623104,1,2,7,3
12405900,1,1,4,2
12425757,0,2,8,2
12449914,1,1,5,3
12412284,3,0,4,2
12623971,1,1,9,3
12405927,1,0,8,8
12405926,2,1,6,5
12405951,2,1,7,4
12449907,3,3,3,2
12623330,0,5,2,6
12623131,3,1,5,4
12412288,1,1,8,2
12623273,1,1,4,5
12624207,2,2,4,3
12623127,0,3,1,3
12425772,2,2,5,5
12623187,0,0,7,3
12412291,1,0,3,11
12412292,0,2,14,4
12623698,3,0,7,4
12405944,2,2,1,3
12425766,0,3,1,2
12623901,5,1,6,2
12623134,2,1,6,6
12623202,0,0,8,4
12412648,2,0,9,1
12449952,1,0,9,9
12412289,0,0,1,14
12623882,4,4,13,5
12623147,1,0,14,0
12405964,4,3,4,5
12409794,4,1,6,4
12623697,0,2,5,1
12623690,0,2,7,2
12623723,1,0,3,4
12623680,3,2,2,6
12623832,0,3,1,4
12412157,0,2,5,9
12623769,2,2,10,6
12435883,3,1,9,5
12623495,2,2,3,5
12623970,1,5,3,5
12624212,0,1,4,4
12623676,1,0,3,5
12623733,2,0,5,1
12623303,4,1,7,7
12623580,0,0,10,2
12412115,1,0,7,2
12449982,1,1,5,3
12623159,1,0,2,10
12425755,1,1,4,9
12425759,0,1,4,4
12623515,1,1,8,1
12623186,7,2,5,2
12623269,3,0,7,4
12409789,1,0,4,6
12449980,1,1,5,3
12450202,2,6,6,2
12449901,0,2,5,8
12449999,1,2,1,8
12449981,2,1,9,4
12449991,0,3,6,8
12409771,1,0,3,6
12409776,3,0,10,6
12409784,2,1,3,10
12412149,4,3,6,1
12449983,1,0,2,3
12450014,1,3,4,1
12449990,0,0,6,6
12623270,1,0,5,6
12623344,0,2,7,2
12409766,1,1,4,6
12623132,4,0,3,8
12623125,1,0,6,7
12425761,2,0,2,3
12623153,0,1,6,2
12425773,1,0,7,4
12409795,2,2,3,6
12623875,1,0,9,1
12425767,1,2,2,5
12623915,1,0,9,3
12623980,3,2,2,2
12409792,1,1,4,8
12623463,2,1,4,0
12623886,2,1,2,3
12623823,1,0,3,6
12412120,1,0,0,2
12624180,0,1,3,7
12623726,0,2,10,3
12409754,2,1,11,3
12450018,1,0,5,6
12450172,1,0,6,8
12450010,1,2,2,4
12450017,2,0,2,5
12623975,0,3,4,3
12450012,1,0,2,6
12450016,1,4,8,5
12449993,1,2,9,6
12623909,0,1,3,5
12449987,0,0,4,4
12449988,1,0,2,12
12450009,0,2,9,4
12449998,1,0,6,6
12409769,2,1,9,7
12449979,0,0,2,8
12623756,1,1,8,5
12623298,0,0,4,1
12623777,1,1,4,3
12425756,1,3,5,3
12450173,1,0,11,4
12412033,1,3,12,4
12623496,3,1,8,0
12412026,4,0,11,3
12623178,0,1,5,10
12623358,1,1,6,4
12405931,0,0,7,6
12450020,0,2,3,3
12450002,1,3,12,1
12450007,5,1,1,1
12450023,1,1,9,2
12405974,3,2,6,4
12405986,0,2,1,8
12405972,2,0,1,9
12623560,2,1,6,3
12450013,1,1,8,3
12449997,2,0,7,1
12450025,3,1,11,5
12412018,3,0,7,2
12623527,0,0,8,4
12623105,1,3,1,2
12412003,1,0,0,6
12623106,3,2,6,1
12623695,3,3,6,3
12405943,2,0,2,9
12405897,2,1,0,4
12623766,2,0,5,5
12425765,2,4,6,8
12450093,1,1,1,6
12623729,2,1,4,5
12450011,1,0,5,6
12405909,1,3,4,5
12405982,1,2,12,2
12450019,1,2,4,3
12623205,2,3,8,4
12623148,0,2,5,3
12425770,2,2,6,2
12412041,0,1,7,2
12623928,3,1,8,3
12623144,3,1,3,7
12411997,1,1,5,5
12412024,2,2,2,0
12623118,0,3,8,7
12623195,1,3,5,5
12623718,2,3,4,3
12411991,1,0,7,6
12425764,1,0,7,6
12623918,1,1,4,2
12623908,0,1,6,6
12623678,1,2,6,6
12449995,0,1,4,4
12449984,1,0,5,1
12450006,3,0,9,0
12449986,2,2,2,7
12623139,1,1,2,4
12623123,3,2,2,8
12623649,3,0,8,0
12405889,3,0,1,5
12412086,2,0,3,2
12450184,2,2,2,8
12623182,4,3,4,3
12623493,4,0,7,0
12406016,3,0,8,1
12406034,0,0,10,4
12406014,1,2,2,9
12623509,2,0,7,4
12450026,1,1,10,4
12450001,0,1,8,3
12450008,2,2,12,2
12450022,1,1,6,2
12406029,2,2,10,1
12406043,1,2,7,0
12406041,1,4,7,2
12450024,1,0,9,4
12450015,2,6,6,9
12450027,1,1,7,3
12450021,2,2,11,2
12623511,1,0,5,6
12623615,1,0,8,5
12623498,5,2,6,0
12412137,2,1,5,0
12412104,4,2,2,4
12425768,1,3,6,0
12406018,0,4,9,3
12412136,2,2,5,1
12623937,1,3,2,5
12623936,0,0,2,4
12425769,1,0,5,11
12425780,1,1,4,2
12450005,1,1,10,2
12623290,0,3,2,6
12412613,2,2,0,8
12406019,2,3,3,10
12623250,2,0,5,4
12623157,0,2,10,2
12425787,1,0,2,2
12425790,1,0,3,3
12412111,0,3,2,4
12412092,1,0,8,3
12412654,2,3,4,3
12435882,4,1,6,3
12623965,2,2,6,8
12624157,3,0,3,0
12412677,1,0,4,4
12623958,1,1,7,3
12406030,1,1,4,3
12623179,2,1,4,7
12623957,1,0,8,2
12623976,0,2,3,4
12450004,3,4,1,2
12425762,3,0,7,5
12405950,1,1,4,3
12623947,1,1,1,8
12624205,0,1,6,3
12406024,0,2,8,3
12450046,3,0,7,7
12450045,0,0,13,2
12450032,2,0,6,2
12450030,6,1,8,4
12450038,0,2,4,6
12450178,1,0,3,6
12450037,1,2,6,2
12450044,3,0,9,1
12450033,0,1,5,3
12450029,0,2,14,4
12623987,0,5,4,2
12623486,3,1,4,4
12412112,2,1,3,6
12623136,0,2,3,1
12450148,1,0,8,8
12406036,1,1,7,6
12623455,1,5,7,3
12412685,1,2,7,0
12623227,2,2,11,2
12623661,1,0,6,1
12450151,4,0,5,2
12450138,4,2,6,5
12450139,1,0,3,9
12450135,3,1,7,6
12450152,1,1,2,11
12450197,0,0,7,5
12406039,1,1,8,9
12406026,2,4,3,4
12450140,2,2,5,1
12450146,1,1,7,4
12450143,0,2,6,4
12450130,2,2,9,1
12623514,1,2,1,3
12435887,3,1,2,5
12425781,5,0,6,1
12406021,4,1,4,4
12406031,1,0,8,7
12623143,3,1,4,3
12623371,3,1,4,6
12412090,1,1,13,8
12406017,2,5,2,10
12425784,1,1,9,3
12623983,3,0,1,0
12412085,2,0,5,3
12412063,2,2,1,5
12406037,3,0,3,4
12406022,1,1,7,11
12450157,1,2,7,5
12406023,4,0,2,2
12623181,0,4,6,5
12425782,0,1,2,4
12623126,2,0,6,2
12623794,3,1,4,10
12623751,0,2,6,4
12623803,3,0,7,3
12623922,1,1,11,4
12412693,1,2,1,7
12623716,0,1,4,7
12406035,2,0,7,4
12425783,2,1,5,3
12425774,4,1,5,4
12623956,1,1,2,7
12412059,1,1,5,1
12412014,0,1,5,2
12412647,0,5,3,5
12412105,1,5,2,5
12409674,0,1,4,7
12409714,3,1,3,9
12450043,0,0,8,10
12623545,2,0,8,3
12412663,2,1,5,2
12409708,3,1,10,5
12409791,4,0,3,4
12409800,3,0,8,2
12409701,1,5,5,7
12409637,3,3,5,6
12623597,0,0,9,5
12412192,2,0,3,3
12623170,3,2,1,6
12623913,2,1,7,0
12623834,3,1,10,1
12450166,1,1,11,3
12425786,3,1,2,1
12412163,2,1,3,3
12623535,2,2,4,0
12623536,0,2,6,1
12450165,3,0,6,7
12450144,3,0,2,9
12450147,2,0,10,2
12450149,2,1,9,4
12405959,4,2,3,4
12623633,1,1,7,4
12450150,0,1,7,8
12450129,0,1,9,2
12450169,1,1,5,8
12623388,2,1,7,4
12623340,0,1,9,5
12425778,0,0,3,14
12412212,2,2,6,4
12412244,0,1,9,4
12405965,2,2,6,8
12623796,0,0,4,4
12405977,2,3,5,3
12623130,2,1,5,8
12623145,2,0,2,3
12412233,2,0,3,3
12412182,0,3,5,3
12405953,1,2,5,13
12405942,2,2,4,5
12450168,2,2,6,5
12623226,1,1,6,1
12623627,4,3,3,5
12623820,1,0,6,4
12412608,2,2,8,3
12623133,0,0,3,2
12623124,1,0,5,5
12405933,3,4,5,10
12623893,2,2,5,9
12623944,0,1,6,2
12623483,2,0,5,3
12406045,0,1,6,3
12412225,4,3,5,3
12405991,2,1,5,8
12623950,1,2,10,1
12435888,1,0,3,3
12623214,4,2,8,0
12405961,2,1,11,0
12405997,1,1,5,6
12623961,4,1,8,1
12624204,2,2,1,4
12405990,0,1,6,5
12412030,1,1,6,2
12412047,2,0,11,1
12412128,2,3,9,3
12450041,1,2,6,3
12450047,0,1,8,3
12450034,3,1,7,4
12450036,2,1,10,4
12450035,0,0,8,3
12623984,0,0,2,4
12450031,1,1,8,4
12405901,1,1,4,5
12449965,2,0,9,9
12450181,1,1,6,2
12450040,0,1,7,3
12450039,0,2,7,2
12449940,2,0,0,4
12425789,2,2,7,2
12412052,0,0,4,3
12594159,2,1,5,5
12594163,4,2,11,0
12412261,3,1,3,2
12412664,3,2,4,4
12425743,2,2,8,4
12412116,2,0,7,3
12623306,3,2,5,6
12449948,4,0,5,3
12412000,1,0,1,7
12623952,1,4,4,8
12623749,0,1,12,3
12425777,2,1,2,3
12406054,2,1,12,3
12594162,0,5,1,4
12435878,4,1,9,4
12623505,0,2,4,9
12623223,2,1,3,2
12623520,4,1,5,2
12412072,1,0,3,4
12449921,2,0,4,4
12449937,2,2,4,4
12449961,2,1,10,2
12449930,1,1,2,8
12406222,0,0,8,2
12406229,4,0,5,2
12449923,1,0,3,4
12449931,1,3,7,11
12449924,2,0,2,3
12450000,2,3,2,4
12412025,2,1,2,4
12412040,1,0,3,4
12425775,1,1,3,8
12406214,2,1,4,3
12623129,0,0,1,4
12623146,2,2,3,5
12623740,1,3,3,9
12623770,0,1,2,5
12623734,0,2,2,4
12623679,2,2,7,4
12432600,3,2,11,5
12412029,1,1,2,4
12412021,1,0,8,3
12450183,2,1,4,5
12406226,1,2,8,2
12449939,1,2,6,5
12623513,1,1,3,9
12623383,1,3,9,6
12623604,1,1,7,6
12411998,1,2,5,5
12412020,0,0,8,6
12425779,2,0,2,1
12623137,2,2,9,4
12623765,1,0,1,3
12623287,2,1,6,7
12425776,3,1,4,3
12623684,2,0,6,5
12623138,4,1,0,5
12411996,0,1,8,2
12406220,0,5,2,5
12409796,1,0,5,9
12405980,2,2,10,0
12623719,2,3,6,2
12406221,1,1,12,6
12406053,2,2,5,2
12412010,3,3,4,3
12509903,2,2,7,0
12412686,1,1,8,7
12425800,2,4,1,9
12450167,1,1,6,3
12435873,3,2,0,5
12406210,2,1,8,5
12412051,3,0,9,1
12623258,5,1,8,1
12449967,2,1,7,3
12623760,0,1,3,7
12623249,4,1,4,9
12450195,2,1,7,3
12449956,0,2,3,5
12623193,5,1,3,8
12412656,0,1,3,0
12409753,2,1,5,4
12449928,2,1,3,5
12449927,4,1,10,2
12449953,2,0,6,6
12409799,0,4,2,1
12449942,4,0,5,0
12449962,3,3,3,6
12449929,2,1,5,1
12449970,2,1,4,2
12623180,1,3,17,2
12623328,1,2,8,4
12412057,2,0,5,7
12409793,0,2,9,5
12409780,1,1,8,4
12409638,1,5,3,3
12412100,1,2,4,4
12623902,1,2,5,6
12425785,0,3,2,7
12409778,0,0,2,5
12409744,0,0,6,5
12409801,0,3,13,1
12449973,2,0,6,1
12623564,2,0,5,2
12435891,1,0,2,2
12412665,4,2,6,6
12623185,1,3,10,4
12409797,3,6,7,5
12623828,2,1,4,8
12412130,1,1,5,5
12623982,5,0,5,2
12623742,3,2,6,3
12623116,0,3,3,2
12623792,1,2,10,2
12623787,2,0,7,1
12624199,1,2,3,7
12409798,0,3,6,1
12623889,1,2,6,6
12409759,2,0,13,0
12623538,0,2,4,5
12409757,0,0,5,2
12409760,1,2,3,1
12409763,1,1,8,5
12449954,3,3,1,9
12409790,3,0,9,6
12409762,1,0,2,7
12449974,1,0,5,3
12449947,4,0,3,4
12449950,2,1,4,2
12449911,3,2,3,0
12449977,0,2,6,5
12450196,2,1,11,5
12409768,0,1,2,2
12449951,2,1,5,3
12409770,3,1,14,1
12409786,2,0,4,4
12449994,2,2,5,4
12449885,3,0,3,3
12412214,0,3,6,4
12449878,0,2,1,7
12409767,1,0,5,1
12409755,0,0,5,3
12623920,1,0,7,1
12623791,1,2,7,4
12623855,0,3,5,7
12623891,1,1,2,7
12450048,0,0,6,2
12449890,1,1,4,4
12449893,3,1,3,6
12449904,1,1,2,2
12409787,0,5,2,6
12409761,2,1,8,7
12449877,0,1,2,9
12409773,2,2,5,5
12449902,0,1,8,3
12449884,0,0,5,5
12449897,2,0,9,6
12623694,1,0,14,4
12409774,2,2,1,7
12409724,0,2,4,4
12623894,2,1,2,7
12450246,1,2,4,2
12623688,2,2,7,2
12449894,0,0,1,4
12623964,1,1,6,5
12425788,0,2,0,9
12409802,3,1,5,6
12449880,2,1,8,1
12406227,1,3,8,5
12406216,1,2,7,3
12405945,1,1,0,6
12623743,2,1,4,6
12449946,1,1,10,3
12623745,2,3,11,5
12409723,2,2,12,3
12623763,2,0,4,4
12623900,0,0,9,2
12409630,0,2,2,3
12409720,2,0,4,7
12449910,1,1,6,9
12449935,3,1,3,5
12449898,0,1,3,4
12449888,2,1,4,10
12449944,0,1,3,7
12449934,0,0,6,2
12449895,4,0,6,6
12449889,1,1,8,3
12435886,1,1,4,7
12449886,1,0,4,12
12412132,1,2,11,3
12623946,2,3,5,2
12435890,0,0,5,4
12623151,3,2,3,3
12412154,1,2,2,5
12449943,4,2,4,11
12623537,5,1,4,2
12409639,4,1,7,1
12409671,0,5,2,2
12449829,1,1,4,4
12449839,1,1,4,2
12450250,1,2,4,0
12450092,0,1,10,0
12449832,0,0,6,3
12450108,1,1,5,6
12409752,1,1,2,5
12409699,2,1,6,2
12409707,1,2,9,10
12449863,1,0,6,7
12409697,1,1,6,6
12449830,2,1,9,1
12449867,2,2,4,2
12425799,3,1,6,9
12623892,1,1,2,8
12409756,0,2,5,4
12425795,1,0,3,5
12425797,1,1,2,0
12623969,0,3,4,2
12623854,0,0,7,3
12406212,2,2,5,4
12449892,0,1,9,5
12623121,3,1,4,3
12623714,0,0,9,4
12624200,1,2,1,3
12450096,1,0,7,3
12409727,2,2,9,2
12409746,2,2,6,9
12425791,2,0,2,4
12623283,0,1,9,1
12623869,2,0,3,10
12623865,0,0,8,7
12425792,5,1,4,0
12409712,1,0,9,3
12624186,0,2,3,0
12409715,0,3,5,3
12449936,2,2,1,6
12623790,0,6,4,2
12449949,1,0,6,4
12405971,1,0,14,1
12449862,3,0,10,4
12412689,2,0,0,4
12412142,2,1,3,3
12623122,2,2,3,11
12425798,0,0,6,10
12623687,1,1,7,7
12623422,0,1,4,8
12623177,3,2,7,1
12623221,2,0,5,6
12623198,0,1,3,3
12412139,0,1,6,3
12623602,2,0,5,4
12623874,1,3,9,2
12425793,2,1,4,7
12435889,1,1,8,4
12623898,0,0,5,3
12425801,1,2,2,3
12412682,1,1,10,1
12623981,1,1,9,1
12623890,1,1,9,1
12623112,2,4,6,3
12412078,1,2,4,5
12412150,1,0,4,0
12623534,4,2,4,1
12623862,1,0,6,9
12623232,0,1,3,9
12623827,0,1,4,5
12623140,1,2,3,8
12623817,2,0,8,1
12425796,2,1,7,3
12623873,2,2,5,4
12412159,2,5,1,5
12623556,2,3,6,1
12412161,1,0,1,8
12412691,1,0,3,7
12623737,2,1,2,4
12450244,3,1,2,6
12623113,1,2,3,2
12623210,1,0,8,4
12623411,5,1,4,7
12450189,1,1,7,3
12623460,4,1,8,1
12405913,1,1,0,9
12405968,2,2,4,5
12405888,3,2,0,3
12623692,1,2,2,4
12405954,2,2,9,3
12450145,1,1,6,3
12624198,1,1,3,3
12623338,1,0,6,7
12623259,0,1,4,10
12623216,2,1,5,0
12623339,5,0,13,1
12623194,3,3,4,2
12623442,0,2,7,4
12405929,2,1,10,4
12405937,0,1,8,5
12405930,0,2,4,3
12405941,3,0,4,2
12450028,3,0,5,6
12624197,2,2,3,3
12449824,3,3,5,7
12623752,2,2,4,3
12405883,3,1,5,4
12409772,1,3,4,3
12405966,0,2,1,9
12623158,2,1,4,16
12450100,0,0,4,4
12623282,2,0,5,7
12623160,2,1,7,7
12435900,2,1,1,7
12623696,3,1,3,2
12450083,1,1,12,0
12450107,3,0,3,6
12623317,4,0,4,1
12412156,1,0,2,9
12412094,1,2,7,4
12406028,0,2,2,4
12406040,1,4,7,6
12450097,0,1,1,3
12450074,0,1,8,6
12406033,0,2,2,16
12406042,0,2,5,2
12450105,1,0,3,5
12450106,0,0,3,1
12450115,1,0,4,3
12450111,2,0,7,6
12623343,3,1,7,6
12623266,0,2,4,4
12623302,1,3,4,3
12623155,1,2,6,1
12623732,3,1,4,0
12450179,0,2,4,8
12406020,2,2,10,1
12623484,1,2,4,4
12412050,1,1,2,10
12623713,2,0,5,5
12623165,0,0,8,5
12623758,2,3,3,1
12412611,1,1,6,3
12412093,2,2,5,4
12623167,4,1,1,9
12623169,2,1,2,2
12412147,1,2,3,4
12623492,1,1,6,6
12623785,1,1,9,2
12406038,3,2,3,8
12406032,3,2,2,8
12623325,0,2,6,2
12412077,1,0,4,7
12624201,3,1,7,3
12406015,1,3,4,2
12623166,2,0,4,2
12623154,1,1,7,7
12623897,0,3,5,6
12623782,4,1,6,1
12412064,4,1,8,2
12406027,0,6,4,7
12450099,3,0,9,6
12623150,0,1,7,1
12623331,3,2,6,2
12623833,4,1,3,2
12412655,4,0,6,5
12406025,3,1,3,6
12623989,1,1,8,2
12623361,3,3,6,3
12623163,1,1,9,3
12450119,2,2,4,2
12450061,0,2,4,4
12450078,0,1,8,4
12450114,2,0,5,5
12450117,3,2,6,5
12450087,1,2,1,2
12450059,2,1,7,4
12450075,1,2,4,3
12450084,0,5,1,5
12450088,2,0,8,4
12450122,2,2,7,4
12450089,3,1,7,1
12449866,2,1,3,4
12412688,0,2,7,5
12449969,1,0,2,2
12449912,2,1,4,4
12450058,2,0,5,6
12449963,3,0,5,3
12425794,1,3,3,3
12412160,1,3,2,3
12412610,1,0,7,2
12450251,1,2,4,2
12412649,0,1,2,3
12435876,1,0,3,2
12623488,1,1,NA,NA
12623184,3,2,NA,NA
